Alice,30
Bob,25
Charlie,35
David,42
Emma,29
Frank,55
Grace,23
Henry,34
Isabella,28
Jack,41
Katherine,36
Liam,22
Mia,45
Noah,31
Olivia,27
Peter,39
Quinn,26
Rachel,33
Sophia,44
Thomas,38
Uma,24
Victoria,47
William,32
Xander,21
Yara,40
Zachary,46
Ava,19
Benjamin,58
Chloe,37
Daniel,52
Ella,20
Felix,49
Hannah,43
Isaac,53
Jessica,35
Kevin,60
Luna,25
Mason,36
Nora,48
Owen,29
Penelope,31
Ryan,42
Samantha,27
Tyler,34
Ulysses,51
Violet,26
Wyatt,39
Ximena,45
Yosef,56
Zoe,30
Aaron,63
Bella,22
Carter,41
Daisy,38
Ethan,54
Faith,33
Gabriel,59
Hazel,28
Ian,47
Jasmine,40
Kai,36
Leah,44
Matthew,50
Natalie,32
Oliver,37
Piper,29
Quincy,55
Riley,42
Scarlett,31
Theodore,61
Uriel,43
Vivian,39
Willow,46
Xavier,57
Yvonne,34
Zane,52
Amelia,24
Brody,49
Cora,35
Dylan,60
Evelyn,45
Finn,38
Gianna,41
Harper,27
Ivy,53
Jacob,62
Layla,26
Miles,44
Nina,30
Oscar,48
Paisley,36
Quinton,58
Ruby,42
Samuel,64
Tessa,37
Uriah,50
Vanessa,33
Wesley,51
Xena,29
Yahir,63
Zara,40
Asher,55
Bethany,23
Caleb,59
Delilah,46
Ezra,52
Freya,43
Grayson,54
Holly,39
Ivan,66
Jade,28